Название рассылки,Название кампании,Направление,Месяц,Дата,Год,Номер недели,День недели,День недели,Время,Веб-версия,Тема письма ,Сегмент ,Отправлено,Доставлено,Открытия,Клики,Баунсы (Все ошибки),Отписки,UTM Метка,Пользователей на сайте,Воронка продаж. Шаг 1,Воронка продаж. Шаг 2,Воронка продаж. Шаг 3
Название рассылки 1,Название кампании 1,Email,Октябрь,27.10.2021,2021,43,3,03-среда,19:24,#ССЫЛКА,Тема письма 1,Сегмент 1,780 789,741 750,148 350,17 802,39 039,7 417,Метка 1,16 378,6337,6210,5154
Название рассылки 10,Название кампании 10,Email,Ноябрь,05.11.2021,2021,45,5,05-пятница,12:02,#ССЫЛКА,Тема письма 10,Сегмент 2,719 370,683 402,123 012,11 071,35 969,6 834,Метка 10,10 296,3558,3096,2539
Название рассылки 100,Название кампании 100,Email,Апрель,11.04.2022,2022,15,1,01-понедельник,16:26,#ССЫЛКА,Тема письма 100,Сегмент 3,1 201 415,1 141 344,182 615,15 340,60 071,11 413,Метка 100,13 959,3370,2864,2263
Название рассылки 101,Название кампании 101,Email,Апрель,12.04.2022,2022,15,2,02-вторник,16:26,#ССЫЛКА,Тема письма 101,Сегмент 1,1 393 827,1 324 136,264 827,10 328,69 691,13 241,Метка 101,8 986,5116,4277,3208
Название рассылки 102,Название кампании 102,Email,Апрель,13.04.2022,2022,15,3,03-среда,16:26,#ССЫЛКА,Тема письма 102,Сегмент 2,1 276 821,1 212 980,218 336,15 720,63 841,12 130,Метка 102,10 847,2817,2287,1670
Название рассылки 103,Название кампании 103,Email,Апрель,14.04.2022,2022,15,4,04-четверг,16:26,#ССЫЛКА,Тема письма 103,Сегмент 3,1 816 560,1 725 732,276 117,33 134,90 828,15 014,Метка 103,32 140,13406,13137,10379
Название рассылки 104,Название кампании 104,Email,Апрель,15.04.2022,2022,16,5,05-пятница,16:26,#ССЫЛКА,Тема письма 104,Сегмент 1,1 002 437,952 315,152 370,13 713,50 122,8 285,Метка 104,11 656,7063,6144,2273
Название рассылки 105,Название кампании 105,Email,Апрель,14.04.2022,2022,15,4,04-четверг,14:47,#ССЫЛКА,Тема письма 105,Сегмент 2,958 429,910 508,127 471,10 708,47 921,7 921,Метка 105,9 851,3811,3240,1490
Название рассылки 106,Название кампании 106,Email,Апрель,14.04.2022,2022,15,4,04-четверг,14:24,#ССЫЛКА,Тема письма 106,Сегмент 3,2 066 466,1 963 143,274 840,10 719,103 323,17 079,Метка 106,9 968,3445,2880,1325
Название рассылки 107,Название кампании 107,Email,Апрель,22.04.2022,2022,17,5,05-пятница,11:49,#ССЫЛКА,Тема письма 107,Сегмент 1,1 721 632,1 635 550,228 977,16 486,86 082,14 229,Метка 107,15 003,3622,2941,1323
Название рассылки 108,Название кампании 108,Email,Апрель,22.04.2022,2022,17,5,05-пятница,12:11,#ССЫЛКА,Тема письма 108,Сегмент 2,2 198 692,2 088 757,292 426,35 091,109 935,18 172,Метка 108,30 529,17383,17036,14140
Название рассылки 109,Название кампании 109,Email,Апрель,26.04.2022,2022,17,2,02-вторник,14:56,#ССЫЛКА,Тема письма 109,Сегмент 3,1 220 097,1 159 092,162 273,14 605,61 005,10 084,Метка 109,10 077,2617,2277,1867
Название рассылки 11,Название кампании 11,Email,Ноябрь,10.11.2021,2021,45,3,03-среда,10:29,#ССЫЛКА,Тема письма 11,Сегмент 1,659 029,626 078,87 651,7 363,32 951,4 320,Метка 11,7 142,2979,2532,2000
Название рассылки 110,Название кампании 110,Email,Апрель,26.04.2022,2022,17,2,02-вторник,14:58,#ССЫЛКА,Тема письма 110,Сегмент 2,551 502,523 927,73 350,2 861,27 575,3 615,Метка 110,2 432,1473,1232,924
Название рассылки 111,Название кампании 111,Email,Май,05.05.2022,2022,18,4,04-четверг,12:10,#ССЫЛКА,Тема письма 111,Сегмент 3,1 129 965,1 073 467,150 285,10 821,56 498,7 407,Метка 111,9 955,3852,3127,2283
Название рассылки 112,Название кампании 112,Email,Май,12.05.2022,2022,19,4,04-четверг,12:04,#ССЫЛКА,Тема письма 112,Сегмент 1,2 378 647,2 259 715,316 360,37 963,118 932,15 592,Метка 112,35 306,12202,11958,9447
Название рассылки 113,Название кампании 113,Email,Май,16.05.2022,2022,20,1,01-понедельник,12:06,#ССЫЛКА,Тема письма 113,Сегмент 2,725 023,688 772,109 859,9 887,36 251,4 753,Метка 113,8 997,2172,1890,1568
Название рассылки 114,Название кампании 114,Email,Май,20.05.2022,2022,21,5,05-пятница,12:04,#ССЫЛКА,Тема письма 114,Сегмент 3,834 290,792 576,129 348,10 865,41 715,5 469,Метка 114,9 453,5382,4575,3752
Название рассылки 115,Название кампании 115,Email,Апрель,15.04.2021,2021,15,4,04-четверг,12:04,#ССЫЛКА,Тема письма 115,Сегмент 1,688 566,654 138,94 261,3 676,34 428,4 514,Метка 115,2 537,659,551,435
Название рассылки 116,Название кампании 116,Email,Апрель,21.04.2021,2021,16,3,03-среда,12:04,#ССЫЛКА,Тема письма 116,Сегмент 2,627 527,596 151,83 342,6 001,31 376,4 113,Метка 116,5 821,2428,1971,1479
Название рассылки 117,Название кампании 117,Email,Апрель,22.04.2021,2021,16,4,04-четверг,12:04,#ССЫЛКА,Тема письма 117,Сегмент 1,1 886 230,1 791 919,285 811,34 297,94 312,12 364,Метка 117,29 153,17664,17310,12637
Название рассылки 118,Название кампании 118,Email,Апрель,23.04.2021,2021,17,5,05-пятница,12:04,#ССЫЛКА,Тема письма 118,Сегмент 2,2 342 323,2 225 207,363 154,32 684,117 116,15 354,Метка 118,30 069,11634,10121,7996
Название рассылки 119,Название кампании 119,Email,Апрель,30.04.2021,2021,18,5,05-пятница,12:04,#ССЫЛКА,Тема письма 119,Сегмент 3,724 212,688 001,99 141,8 328,36 211,4 747,Метка 119,7 745,2677,2275,1888
Название рассылки 12,Название кампании 12,Email,Ноябрь,10.11.2021,2021,45,3,03-среда,10:32,#ССЫЛКА,Тема письма 12,Сегмент 1,595 026,565 275,79 025,3 082,29 751,3 561,Метка 12,2 805,677,566,464
Название рассылки 120,Название кампании 120,Email,Май,05.05.2021,2021,18,3,03-среда,12:04,#ССЫЛКА,Тема письма 120,Сегмент 2,1 534 412,1 457 691,232 502,16 740,76 721,9 183,Метка 120,14 564,8293,6734,5320
Название рассылки 121,Название кампании 121,Email,Май,11.05.2021,2021,19,2,02-вторник,12:04,#ССЫЛКА,Тема письма 121,Сегмент 3,1 271 610,1 208 030,197 150,23 658,63 581,7 611,Метка 121,16 324,4239,4155,3116
Название рассылки 122,Название кампании 122,Email,Май,26.05.2021,2021,21,3,03-среда,12:04,#ССЫЛКА,Тема письма 122,Сегмент 1,1 840 578,1 748 549,251 966,22 677,92 029,11 016,Метка 122,21 997,9175,7982,5827
Название рассылки 123,Название кампании 123,Email,Май,06.05.2021,2021,18,4,04-четверг,12:04,#ССЫЛКА,Тема письма 123,Сегмент 2,1 543 014,1 519 869,212 478,17 848,23 145,9 575,Метка 123,15 171,9192,7813,6172
Название рассылки 124,Название кампании 124,Email,Июнь,03.06.2021,2021,22,4,04-четверг,12:04,#ССЫЛКА,Тема письма 124,Сегмент 3,1 908 956,1 870 777,298 389,11 637,38 179,11 786,Метка 124,10 706,4142,3463,2874
Название рассылки 125,Название кампании 125,Email,Июнь,30.06.2021,2021,26,3,03-среда,12:04,#ССЫЛКА,Тема письма 125,Сегмент 1,1 048 331,1 027 364,167 666,12 072,20 967,6 472,Метка 125,11 227,3880,3151,2583
Название рассылки 126,Название кампании 126,Email,Июнь,30.06.2021,2021,26,3,03-среда,12:04,#ССЫЛКА,Тема письма 126,Сегмент 2,1 139 864,1 122 766,161 791,19 415,17 098,7 073,Метка 126,17 668,4265,4180,3302
Название рассылки 127,Название кампании 127,Email,Июнь,11.06.2021,2021,24,5,05-пятница,12:04,#ССЫЛКА,Тема письма 127,Сегмент 3,1 532 124,1 501 482,209 907,18 892,30 642,9 459,Метка 127,16 436,9359,8142,6106
Название рассылки 128,Название кампании 128,Email,Июнь,11.06.2021,2021,24,5,05-пятница,12:04,#ССЫЛКА,Тема письма 128,Сегмент 1,2 204 384,2 160 296,344 567,28 944,44 088,13 610,Метка 128,19 971,5186,4409,3218
Название рассылки 129,Название кампании 129,Email,Июнь,17.06.2021,2021,24,4,04-четверг,12:04,#ССЫЛКА,Тема письма 129,Сегмент 2,637 366,627 806,102 458,3 996,9 560,3 955,Метка 129,3 876,1617,1352,1068
Название рассылки 13,Название кампании 13,Email,Ноябрь,10.11.2021,2021,45,3,03-среда,10:34,#ССЫЛКА,Тема письма 13,Сегмент 3,1 662 638,1 629 385,234 794,16 905,33 253,10 265,Метка 13,14 369,8706,7070,5868
Название рассылки 130,Название кампании 130,Email,Июнь,17.06.2021,2021,24,4,04-четверг,12:04,#ССЫЛКА,Тема письма 130,Сегмент 1,803 451,787 382,110 076,13 209,16 069,4 724,Метка 130,12 152,4702,3996,3277
Название рассылки 131,Название кампании 131,Email,Июнь,17.06.2021,2021,24,4,04-четверг,12:04,#ССЫЛКА,Тема письма 131,Сегмент 2,712 081,701 400,111 873,10 069,10 681,4 208,Метка 131,9 364,3236,2705,2137
Название рассылки 132,Название кампании 132,Email,Июнь,23.06.2021,2021,25,3,03-среда,12:04,#ССЫЛКА,Тема письма 132,Сегмент 3,1 895 354,1 857 447,303 135,25 463,37 907,11 145,Метка 132,23 172,5594,4542,3407
Название рассылки 133,Название кампании 133,Email,Июнь,24.06.2021,2021,25,4,04-четверг,12:04,#ССЫЛКА,Тема письма 133,Сегмент 1,2 087 014,2 045 274,294 724,11 494,41 740,12 272,Метка 133,10 000,5694,5580,4073
Название рассылки 134,Название кампании 134,Email,Июнь,25.06.2021,2021,26,5,05-пятница,12:04,#ССЫЛКА,Тема письма 134,Сегмент 2,937 507,923 444,129 098,9 295,14 063,5 541,Метка 134,6 414,1666,1449,1145
Название рассылки 135,Название кампании 135,Email,Июнь,29.06.2021,2021,26,2,02-вторник,12:04,#ССЫЛКА,Тема письма 135,Сегмент 1,624 628,612 135,97 636,11 716,12 493,3 673,Метка 135,11 365,4740,4029,3344
Название рассылки 136,Название кампании 136,Email,Июль,10.07.2021,2021,28,6,06-суббота,12:04,#ССЫЛКА,Тема письма 136,Сегмент 2,873 732,856 257,139 741,12 577,17 475,5 138,Метка 136,10 690,6477,5415,4440
Название рассылки 137,Название кампании 137,Email,Июль,13.07.2021,2021,28,2,02-вторник,12:04,#ССЫЛКА,Тема письма 137,Сегмент 3,1 191 813,1 173 936,169 164,14 210,17 877,7 044,Метка 137,13 073,5058,4107,3245
Название рассылки 138,Название кампании 138,Email,Июль,15.07.2021,2021,28,4,04-четверг,12:04,#ССЫЛКА,Тема письма 138,Сегмент 1,1 496 548,1 466 617,205 033,7 996,29 931,8 800,Метка 138,7 437,2570,2185,1638
Название рассылки 139,Название кампании 139,Email,Июль,21.07.2021,2021,29,3,03-среда,12:04,#ССЫЛКА,Тема письма 139,Сегмент 2,1 739 639,1 704 846,271 923,19 578,34 793,10 229,Метка 139,17 816,4301,3596,2625
Название рассылки 14,Название кампании 14,Email,Ноябрь,10.11.2021,2021,45,3,03-среда,10:36,#ССЫЛКА,Тема письма 14,Сегмент 3,2 451 610,2 414 836,394 101,47 292,36 774,14 489,Метка 14,41 144,23427,19023,15028
Название рассылки 140,Название кампании 140,Email,Июль,24.07.2021,2021,30,6,06-суббота,12:04,#ССЫЛКА,Тема письма 140,Сегмент 1,1 302 288,1 276 242,183 907,16 552,26 046,7 657,Метка 140,11 421,2966,2907,2412
Название рассылки 141,Название кампании 141,Email,Июль,28.07.2021,2021,30,3,03-среда,12:04,#ССЫЛКА,Тема письма 141,Сегмент 2,963 389,944 121,131 988,11 087,19 268,5 665,Метка 141,10 754,4486,3903,3200
Название рассылки 142,Название кампании 142,Email,Август,03.08.2021,2021,31,2,02-вторник,12:04,#ССЫЛКА,Тема письма 142,Сегмент 3,2 443 329,2 406 679,265 938,10 372,36 650,13 959,Метка 142,8 816,5342,4540,3587
Название рассылки 143,Название кампании 143,Email,Август,12.08.2021,2021,32,4,04-четверг,12:04,#ССЫЛКА,Тема письма 143,Сегмент 1,926 161,907 638,163 375,11 763,18 523,5 264,Метка 143,10 822,4187,3500,2625
Название рассылки 144,Название кампании 144,Email,Август,17.08.2021,2021,33,2,02-вторник,12:04,#ССЫЛКА,Тема письма 144,Сегмент 2,2 305 760,2 259 645,393 856,47 263,46 115,13 332,Метка 144,43 954,15191,12335,9004
Название рассылки 145,Название кампании 145,Email,Август,20.08.2021,2021,34,5,05-пятница,12:04,#ССЫЛКА,Тема письма 145,Сегмент 3,702 289,691 755,76 439,6 880,10 534,3 943,Метка 145,6 260,1511,1285,1015
Название рассылки 146,Название кампании 146,Email,Август,24.08.2021,2021,34,2,02-вторник,12:04,#ССЫЛКА,Тема письма 146,Сегмент 1,573 276,561 810,101 126,8 495,11 466,3 202,Метка 146,7 390,4208,3518,2920
Название рассылки 147,Название кампании 147,Email,Август,30.08.2021,2021,35,1,01-понедельник,12:04,#ССЫЛКА,Тема письма 147,Сегмент 2,1 956 368,1 917 241,334 175,13 033,39 127,9 586,Метка 147,8 993,2335,1896,1555
Название рассылки 148,Название кампании 148,Email,Сентябрь,09.09.2021,2021,36,4,04-четверг,12:04,#ССЫЛКА,Тема письма 148,Сегмент 3,1 380 708,1 359 997,150 280,10 820,20 711,7 888,Метка 148,10 496,4378,4290,3389
Название рассылки 149,Название кампании 149,Email,Сентябрь,16.09.2021,2021,37,4,04-четверг,12:04,#ССЫЛКА,Тема письма 149,Сегмент 1,624 983,612 483,110 247,13 230,12 500,3 614,Метка 149,11 245,6813,5928,4446
Название рассылки 15,Название кампании 15,Email,Ноябрь,11.11.2021,2021,45,4,04-четверг,12:11,#ССЫЛКА,Тема письма 15,Сегмент 2,676 699,663 165,115 590,10 403,13 534,3 780,Метка 15,9 571,3703,3148,2298
Название рассылки 150,Название кампании 150,Email,Сентябрь,01.09.2021,2021,35,3,03-среда,12:04,#ССЫЛКА,Тема письма 150,Сегмент 3,846 810,834 108,92 169,7 742,12 702,4 754,Метка 150,7 200,2488,2080,1643
Название рассылки 151,Название кампании 151,Email,Сентябрь,08.09.2021,2021,36,3,03-среда,12:04,#ССЫЛКА,Тема письма 151,Сегмент 1,1 497 564,1 452 637,133 643,5 212,44 927,7 263,Метка 151,4 743,1145,930,772
Название рассылки 152,Название кампании 152,Email,Сентябрь,13.09.2021,2021,37,1,01-понедельник,12:04,#ССЫЛКА,Тема письма 152,Сегмент 2,1 470 010,1 425 910,248 536,17 895,44 100,8 270,Метка 152,15 568,8865,7535,6179
Название рассылки 153,Название кампании 153,Email,Сентябрь,17.09.2021,2021,38,5,05-пятница,12:04,#ССЫЛКА,Тема письма 153,Сегмент 1,767 766,744 733,82 293,9 875,23 033,4 394,Метка 153,6 814,1770,1479,1169
Название рассылки 154,Название кампании 154,Email,Сентябрь,22.09.2021,2021,38,3,03-среда,12:04,#ССЫЛКА,Тема письма 154,Сегмент 2,1 668 552,1 618 495,148 902,13 401,50 057,9 225,Метка 154,12 999,5422,4403,3302
Название рассылки 155,Название кампании 155,Email,Октябрь,08.10.2021,2021,41,5,05-пятница,12:04,#ССЫЛКА,Тема письма 155,Сегмент 3,1 596 215,1 548 329,269 874,22 669,47 886,8 825,Метка 155,19 269,11675,9924,7244
Название рассылки 156,Название кампании 156,Email,Октябрь,15.10.2021,2021,42,5,05-пятница,12:04,#ССЫЛКА,Тема письма 156,Сегмент 1,1 274 813,1 236 569,173 120,6 752,38 244,6 183,Метка 156,6 212,2403,2009,1587
Название рассылки 157,Название кампании 157,Email,Октябрь,01.10.2021,2021,40,5,05-пятница,12:04,#ССЫЛКА,Тема письма 157,Сегмент 2,1 719 390,1 667 808,184 293,13 269,51 582,9 673,Метка 157,12 340,4265,3463,2874
Название рассылки 158,Название кампании 158,Email,Октябрь,06.10.2021,2021,40,3,03-среда,12:04,#ССЫЛКА,Тема письма 158,Сегмент 3,1 710 675,1 659 355,298 684,35 842,51 320,9 790,Метка 158,32 616,7874,7716,6327
Название рассылки 159,Название кампании 159,Email,Октябрь,13.10.2021,2021,41,3,03-среда,12:04,#ССЫЛКА,Тема письма 159,Сегмент 1,1 269 296,1 231 217,214 601,19 314,38 079,7 018,Метка 159,16 803,9568,8324,6576
Название рассылки 16,Название кампании 16,Email,Ноябрь,12.11.2021,2021,46,5,05-пятница,13:34,#ССЫЛКА,Тема письма 16,Сегмент 2,948 436,919 983,101 658,8 539,28 453,5 244,Метка 16,5 892,1530,1301,975
Название рассылки 160,Название кампании 160,Email,Октябрь,16.10.2021,2021,42,6,06-суббота,12:04,#ССЫЛКА,Тема письма 160,Сегмент 3,566 216,549 230,50 529,1 971,16 986,2 746,Метка 160,1 912,797,667,487
Название рассылки 161,Название кампании 161,Email,Октябрь,18.10.2021,2021,42,1,01-понедельник,12:04,#ССЫЛКА,Тема письма 161,Сегмент 1,1 626 801,1 577 997,275 045,19 803,48 804,9 152,Метка 161,16 833,10199,8282,6542
Название рассылки 162,Название кампании 162,Email,Октябрь,26.10.2021,2021,43,2,02-вторник,14:54,#ССЫЛКА,Тема письма 162,Сегмент 2,598 309,580 360,64 130,7 696,17 949,3 424,Метка 162,7 080,2739,2684,2228
Название рассылки 163,Название кампании 163,Email,Октябрь,26.10.2021,2021,43,2,02-вторник,15:02,#ССЫЛКА,Тема письма 163,Сегмент 3,2 492 076,2 417 314,222 393,20 015,74 762,13 779,Метка 163,18 614,6433,5597,4589
Название рассылки 164,Название кампании 164,Email,Октябрь,30.10.2021,2021,44,6,06-суббота,11:02,#ССЫЛКА,Тема письма 164,Сегмент 1,2 010 902,1 950 575,215 539,18 105,60 327,11 118,Метка 164,16 476,3977,3381,2671
Название рассылки 165,Название кампании 165,Email,Октябрь,30.10.2021,2021,44,6,06-суббота,11:02,#ССЫЛКА,Тема письма 165,Сегмент 2,873 482,847 278,152 510,5 948,26 204,4 236,Метка 165,5 175,2946,2504,1878
Название рассылки 166,Название кампании 166,Email,Ноябрь,02.11.2021,2021,44,2,02-вторник,18:15,#ССЫЛКА,Тема письма 166,Сегмент 3,1 058 150,1 026 406,178 902,12 881,31 745,5 953,Метка 166,8 888,2308,1930,1409
Название рассылки 167,Название кампании 167,Email,Ноябрь,02.11.2021,2021,44,2,02-вторник,18:14,#ССЫЛКА,Тема письма 167,Сегмент 1,1 607 791,1 559 557,172 331,20 680,48 234,9 201,Метка 167,20 059,8367,6794,5367
Название рассылки 168,Название кампании 168,Email,Ноябрь,05.11.2021,2021,45,5,05-пятница,12:02,#ССЫЛКА,Тема письма 168,Сегмент 2,2 339 384,2 269 202,208 767,18 789,70 182,12 934,Метка 168,15 971,9677,9483,7871
Название рассылки 169,Название кампании 169,Email,Ноябрь,05.11.2021,2021,45,5,05-пятница,12:02,#ССЫЛКА,Тема письма 169,Сегмент 3,847 444,822 021,143 278,12 035,25 423,4 686,Метка 169,11 073,4284,3727,3056
Название рассылки 17,Название кампании 17,Email,Ноябрь,12.11.2021,2021,46,5,05-пятница,13:34,#ССЫЛКА,Тема письма 17,Сегмент 1,1 502 112,1 457 049,161 004,6 279,45 063,7 285,Метка 17,5 840,2018,1715,1355
Название рассылки 170,Название кампании 170,Email,Ноябрь,09.11.2021,2021,45,2,02-вторник,18:56,#ССЫЛКА,Тема письма 170,Сегмент 2,1 977 100,1 917 787,176 436,12 703,59 313,11 123,Метка 170,11 560,2791,2333,1750
Название рассылки 171,Название кампании 171,Email,Ноябрь,09.11.2021,2021,45,2,02-вторник,18:56,#ССЫЛКА,Тема письма 171,Сегмент 1,1 983 507,1 924 002,212 602,25 512,59 505,11 352,Метка 171,22 196,12638,10262,7491
Название рассылки 172,Название кампании 172,Email,Ноябрь,12.11.2021,2021,46,5,05-пятница,18:09,#ССЫЛКА,Тема письма 172,Сегмент 2,562 512,545 637,98 215,8 839,16 875,3 110,Метка 172,6 099,1584,1552,1226
Название рассылки 173,Название кампании 173,Email,Ноябрь,12.11.2021,2021,46,5,05-пятница,18:10,#ССЫЛКА,Тема письма 173,Сегмент 3,2 295 981,2 250 061,248 632,20 885,45 920,12 825,Метка 173,20 259,8450,7351,6102
Название рассылки 174,Название кампании 174,Email,Ноябрь,12.11.2021,2021,46,5,05-пятница,18:10,#ССЫЛКА,Тема письма 174,Сегмент 1,2 225 984,2 181 464,392 664,15 314,44 520,10 907,Метка 174,13 017,7887,6704,5497
Название рассылки 175,Название кампании 175,Email,Ноябрь,12.11.2021,2021,46,5,05-пятница,18:10,#ССЫЛКА,Тема письма 175,Сегмент 2,1 597 737,1 573 771,274 308,19 750,23 966,9 128,Метка 175,18 170,7030,5976,4721
Название рассылки 176,Название кампании 176,Email,Ноябрь,12.11.2021,2021,46,5,05-пятница,18:10,#ССЫЛКА,Тема письма 176,Сегмент 3,1 381 312,1 353 686,149 582,17 950,27 626,7 987,Метка 176,16 693,5769,4823,3617
Название рассылки 177,Название кампании 177,Email,Ноябрь,12.11.2021,2021,46,5,05-пятница,18:10,#ССЫЛКА,Тема письма 177,Сегмент 1,1 906 931,1 868 792,171 929,15 474,38 139,10 652,Метка 177,14 081,3399,2760,2015
Название рассылки 178,Название кампании 178,Email,Ноябрь,12.11.2021,2021,46,5,05-пятница,18:10,#ССЫЛКА,Тема письма 178,Сегмент 2,2 074 099,2 042 988,356 093,29 912,31 111,11 645,Метка 178,26 023,14818,14521,11472
Название рассылки 179,Название кампании 179,Email,Ноябрь,12.11.2021,2021,46,5,05-пятница,18:10,#ССЫЛКА,Тема письма 179,Сегмент 3,2 169 298,2 125 912,234 913,9 162,43 386,10 630,Метка 179,6 322,1642,1428,1185
Название рассылки 18,Название кампании 18,Email,Ноябрь,12.11.2021,2021,46,5,05-пятница,13:34,#ССЫЛКА,Тема письма 18,Сегмент 1,1 775 030,1 739 529,160 037,11 523,35 501,10 089,Метка 18,11 177,4662,3963,3249
Название рассылки 180,Название кампании 180,Email,Ноябрь,12.11.2021,2021,46,5,05-пятница,18:10,#ССЫЛКА,Тема письма 180,Сегмент 2,1 937 172,1 908 114,210 847,25 302,29 058,11 258,Метка 180,21 506,13031,10894,8606
Название рассылки 181,Название кампании 181,Email,Ноябрь,12.11.2021,2021,46,5,05-пятница,18:10,#ССЫЛКА,Тема письма 181,Сегмент 3,961 202,941 978,169 556,15 260,19 224,5 369,Метка 181,14 039,5432,4411,3308
Название рассылки 182,Название кампании 182,Email,Ноябрь,12.11.2021,2021,46,5,05-пятница,18:10,#ССЫЛКА,Тема письма 182,Сегмент 1,553 518,542 448,94 549,7 942,11 070,3 092,Метка 182,7 386,2553,2502,1826
Название рассылки 183,Название кампании 183,Email,Декабрь,02.12.2021,2021,48,4,04-четверг,13:29,#ССЫЛКА,Тема письма 183,Сегмент 2,2 423 128,2 386 781,263 739,10 286,36 347,11 934,Метка 183,9 360,2260,1966,1553
Название рассылки 184,Название кампании 184,Email,Декабрь,02.12.2021,2021,48,4,04-четверг,13:49,#ССЫЛКА,Тема письма 184,Сегмент 3,1 613 899,1 581 621,145 509,10 477,32 278,9 173,Метка 184,9 115,5190,4411,3661
Название рассылки 185,Название кампании 185,Email,Декабрь,02.12.2021,2021,48,4,04-четверг,13:48,#ССЫЛКА,Тема письма 185,Сегмент 1,1 168 943,1 145 564,199 672,23 961,23 379,6 759,Метка 185,16 533,4294,3650,2993
Название рассылки 186,Название кампании 186,Email,Декабрь,06.12.2021,2021,49,1,01-понедельник,15:36,#ССЫЛКА,Тема письма 186,Сегмент 2,1 227 828,1 209 411,133 640,12 028,18 417,6 894,Метка 186,11 667,4866,4068,3214
Название рассылки 187,Название кампании 187,Email,Декабрь,06.12.2021,2021,49,1,01-понедельник,15:35,#ССЫЛКА,Тема письма 187,Сегмент 3,1 137 692,1 114 938,102 574,8 616,22 754,6 355,Метка 187,7 324,4437,3603,2702
Название рассылки 188,Название кампании 188,Email,Декабрь,13.12.2021,2021,50,1,01-понедельник,14:46,#ССЫЛКА,Тема письма 188,Сегмент 1,1 730 060,1 695 459,187 348,7 307,34 601,8 477,Метка 188,6 722,2601,2549,1861
Название рассылки 189,Название кампании 189,Email,Декабрь,09.12.2021,2021,49,4,04-четверг,16:02,#ССЫЛКА,Тема письма 189,Сегмент 2,2 131 798,2 099 821,377 968,27 214,31 977,12 179,Метка 189,25 309,8747,7610,6012
Название рассылки 19,Название кампании 19,Email,Ноябрь,12.11.2021,2021,46,5,05-пятница,13:34,#ССЫЛКА,Тема письма 19,Сегмент 1,2 164 372,2 121 085,234 380,28 126,43 287,12 514,Метка 19,25 594,6178,5252,4359
Название рассылки 190,Название кампании 190,Email,Декабрь,09.12.2021,2021,49,4,04-четверг,13:02,#ССЫЛКА,Тема письма 190,Сегмент 2,1 478 133,1 448 570,260 743,23 467,29 563,4 925,Метка 190,20 416,11625,9718,7969
Название рассылки 191,Название кампании 191,Email,Декабрь,15.12.2021,2021,50,3,03-среда,14:22,#ССЫЛКА,Тема письма 191,Сегмент 3,1 729 870,1 703 922,296 994,24 947,25 948,5 793,Метка 191,17 214,4470,3630,2868
Название рассылки 192,Название кампании 192,Email,Декабрь,15.12.2021,2021,50,3,03-среда,14:21,#ССЫЛКА,Тема письма 192,Сегмент 1,649 502,636 512,70 335,2 743,12 990,1 846,Метка 192,2 661,1110,1088,816
Название рассылки 193,Название кампании 193,Email,Декабрь,16.12.2021,2021,50,4,04-четверг,13:20,#ССЫЛКА,Тема письма 193,Сегмент 2,2 266 270,2 220 945,204 327,14 712,45 325,6 219,Метка 193,12 505,7577,6592,4812
Название рассылки 194,Название кампании 194,Email,Декабрь,16.12.2021,2021,50,4,04-четверг,13:18,#ССЫЛКА,Тема письма 194,Сегмент 3,1 639 899,1 615 301,281 547,33 786,24 598,5 492,Метка 194,31 083,12026,10222,8075
Название рассылки 195,Название кампании 195,Email,Декабрь,20.12.2021,2021,51,1,01-понедельник,17:03,#ССЫЛКА,Тема письма 195,Сегмент 1,1 307 090,1 280 948,141 545,12 739,26 142,4 355,Метка 195,11 847,4094,3480,2889
Название рассылки 196,Название кампании 196,Email,Декабрь,20.12.2021,2021,51,1,01-понедельник,14:58,#ССЫЛКА,Тема письма 196,Сегмент 2,2 089 912,2 048 114,188 426,15 828,41 798,5 940,Метка 196,14 403,3477,2907,2384
Название рассылки 197,Название кампании 197,Email,Декабрь,27.12.2021,2021,52,1,01-понедельник,16:08,#ССЫЛКА,Тема письма 197,Сегмент 3,2 478 293,2 441 119,269 744,10 520,37 174,6 835,Метка 197,9 152,5211,4232,3343
Название рассылки 198,Название кампании 198,Email,Декабрь,27.12.2021,2021,52,1,01-понедельник,13:17,#ССЫЛКА,Тема письма 198,Сегмент 1,2 107 380,2 065 232,371 742,26 765,42 148,7 022,Метка 198,18 468,4796,4700,3525
Название рассылки 199,Название кампании 199,Email,Декабрь,27.12.2021,2021,52,1,01-понедельник,16:06,#ССЫЛКА,Тема письма 199,Сегмент 2,1 352 779,1 325 723,231 074,27 729,27 056,4 507,Метка 199,26 897,11219,9760,7125
Название рассылки 2,Название кампании 2,Email,Октябрь,29.10.2021,2021,44,5,05-пятница,18:00,#ССЫЛКА,Тема письма 2,Сегмент 3,2 470 588,2 433 529,268 905,24 201,37 059,7 057,Метка 2,20 571,12464,10594,8370
Название рассылки 20,Название кампании 20,Email,Ноябрь,12.11.2021,2021,46,5,05-пятница,13:34,#ССЫЛКА,Тема письма 20,Сегмент 1,1 813 178,1 776 914,163 476,13 732,36 264,4 975,Метка 20,12 633,4888,4086,3392
Название рассылки 200,Название кампании 200,Email,Декабрь,23.12.2021,2021,51,4,04-четверг,14:43,#ССЫЛКА,Тема письма 200,Сегмент 2,2 223 699,2 179 225,379 839,14 814,44 474,5 448,Метка 200,13 777,4761,3866,3170
Название рассылки 201,Название кампании 201,Email,Декабрь,23.12.2021,2021,51,4,04-четверг,14:45,#ССЫЛКА,Тема письма 201,Сегмент 3,1 396 682,1 375 732,152 018,10 945,20 950,3 302,Метка 201,9 960,2404,2356,1861
Название рассылки 202,Название кампании 202,Email,Декабрь,27.12.2021,2021,52,1,01-понедельник,14:15,#ССЫЛКА,Тема письма 202,Сегмент 1,868 107,850 745,78 269,9 392,17 362,2 467,Метка 202,8 171,4653,4048,3036
Название рассылки 203,Название кампании 203,Email,Январь,05.01.2022,2022,1,3,03-среда,12:03,#ССЫЛКА,Тема письма 203,Сегмент 2,510 034,499 833,55 232,4 971,10 201,1 400,Метка 203,3 430,891,757,553
Название рассылки 204,Название кампании 204,Email,Январь,10.01.2022,2022,2,1,01-понедельник,16:32,#ССЫЛКА,Тема письма 204,Сегмент 3,542 459,534 322,96 178,8 079,8 137,1 336,Метка 204,7 837,3269,2778,2195
Название рассылки 205,Название кампании 205,Email,Январь,10.01.2022,2022,2,1,01-понедельник,14:59,#ССЫЛКА,Тема письма 205,Сегмент 1,553 237,542 172,59 910,2 336,11 065,1 301,Метка 205,1 986,1203,1006,835
Название рассылки 206,Название кампании 206,Email,Январь,10.01.2022,2022,2,1,01-понедельник,16:02,#ССЫЛКА,Тема письма 206,Сегмент 2,838 103,821 341,147 841,10 645,16 762,2 382,Метка 206,9 793,3789,3077,2523
Название рассылки 207,Название кампании 207,Email,Январь,10.01.2022,2022,2,1,01-понедельник,15:32,#ССЫЛКА,Тема письма 207,Сегмент 1,2 289 758,2 255 412,393 118,47 174,34 346,6 315,Метка 207,43 872,15162,14859,11739
Название рассылки 208,Название кампании 208,Email,Январь,13.01.2022,2022,2,4,04-четверг,13:03,#ССЫЛКА,Тема письма 208,Сегмент 2,2 395 740,2 347 825,259 435,23 349,47 915,5 870,Метка 208,21 248,5129,4462,3347
Название рассылки 209,Название кампании 209,Email,Январь,13.01.2022,2022,2,4,04-четверг,13:03,#ССЫЛКА,Тема письма 209,Сегмент 3,1 539 816,1 509 020,138 830,11 662,30 796,3 622,Метка 209,10 146,5777,4910,3585
Название рассылки 21,Название кампании 21,Email,Ноябрь,12.11.2021,2021,46,5,05-пятница,13:34,#ССЫЛКА,Тема письма 21,Сегмент 1,1 321 760,1 301 934,226 927,8 850,19 826,3 776,Метка 21,6 107,1586,1326,1047
Название рассылки 210,Название кампании 210,Email,Январь,13.01.2022,2022,2,4,04-четверг,13:03,#ССЫЛКА,Тема письма 210,Сегмент 2,1 839 175,1 802 392,199 164,14 340,36 784,2 704,Метка 210,13 910,5802,4711,3910
Название рассылки 211,Название кампании 211,Email,Январь,13.01.2022,2022,2,4,04-четверг,13:03,#ССЫЛКА,Тема письма 211,Сегмент 3,1 953 295,1 914 229,176 109,21 133,39 066,2 871,Метка 211,17 963,10884,10666,8746
Название рассылки 212,Название кампании 212,Email,Январь,17.01.2022,2022,3,1,01-понедельник,15:48,#ССЫЛКА,Тема письма 212,Сегмент 1,1 616 729,1 592 478,175 969,15 837,24 251,2 389,Метка 212,14 570,5637,4904,3874
Название рассылки 213,Название кампании 213,Email,Январь,19.01.2022,2022,3,3,03-среда,18:03,#ССЫЛКА,Тема письма 213,Сегмент 2,877 792,860 236,154 843,13 007,17 556,1 290,Метка 213,12 096,4180,3553,2665
Название рассылки 214,Название кампании 214,Email,Январь,19.01.2022,2022,3,3,03-среда,18:32,#ССЫЛКА,Тема письма 214,Сегмент 3,2 092 885,2 051 027,357 494,13 942,41 858,3 077,Метка 214,12 687,3063,2603,1900
Название рассылки 215,Название кампании 215,Email,Январь,19.01.2022,2022,3,3,03-среда,18:06,#ССЫЛКА,Тема письма 215,Сегмент 1,1 305 992,1 286 402,142 147,10 235,19 590,1 930,Метка 215,8 904,5070,4239,3348
Название рассылки 216,Название кампании 216,Email,Январь,19.01.2022,2022,3,3,03-среда,18:06,#ССЫЛКА,Тема письма 216,Сегмент 2,1 712 023,1 677 783,154 356,18 523,34 240,2 517,Метка 216,12 781,3319,2695,2237
Название рассылки 217,Название кампании 217,Email,Январь,20.01.2022,2022,3,4,04-четверг,13:53,#ССЫЛКА,Тема письма 217,Сегмент 3,2 102 905,2 060 847,359 206,32 329,42 058,3 091,Метка 217,31 359,13080,12818,10511
Название рассылки 218,Название кампании 218,Email,Январь,20.01.2022,2022,3,4,04-четверг,13:53,#ССЫЛКА,Тема письма 218,Сегмент 1,701 456,690 934,76 348,6 413,10 522,1 036,Метка 218,5 451,3303,2874,2270
Название рассылки 22,Название кампании 22,Email,Ноябрь,12.11.2021,2021,46,5,05-пятница,13:34,#ССЫЛКА,Тема письма 22,Сегмент 2,709 715,695 521,63 988,2 496,14 194,1 043,Метка 22,2 296,888,755,566
Название рассылки 23,Название кампании 23,Email,Ноябрь,12.11.2021,2021,46,5,05-пятница,13:34,#ССЫЛКА,Тема письма 23,Сегмент 3,1 423 230,1 394 765,154 122,11 097,28 465,2 092,Метка 23,10 320,3567,2982,2177
Название рассылки 24,Название кампании 24,Email,Ноябрь,12.11.2021,2021,46,5,05-пятница,13:34,#ССЫЛКА,Тема письма 24,Сегмент 1,1 042 456,1 026 819,184 827,22 179,15 637,133 486,Метка 24,20 183,4872,3956,3125
Название рассылки 25,Название кампании 25,Email,Ноябрь,12.11.2021,2021,46,5,05-пятница,13:34,#ССЫЛКА,Тема письма 25,Сегмент 2,804 062,787 981,87 072,7 836,16 081,102 437,Метка 25,6 818,3882,3804,3158
Название рассылки 26,Название кампании 26,Email,Ноябрь,12.11.2021,2021,46,5,05-пятница,13:34,#ССЫЛКА,Тема письма 26,Сегмент 3,1 364 133,1 336 850,240 633,20 213,27 283,173 791,Метка 26,13 947,3622,3151,2584
Название рассылки 27,Название кампании 27,Email,Ноябрь,12.11.2021,2021,46,5,05-пятница,13:34,#ССЫЛКА,Тема письма 27,Сегмент 1,869 029,855 994,149 200,5 819,13 035,111 279,Метка 27,5 644,2354,2001,1581
Название рассылки 28,Название кампании 28,Email,Ноябрь,12.11.2021,2021,46,5,05-пятница,13:34,#ССЫЛКА,Тема письма 28,Сегмент 2,2 117 234,2 074 889,229 275,16 508,42 345,269 736,Метка 28,14 032,8502,7227,5420
Название рассылки 29,Название кампании 29,Email,Ноябрь,30.11.2021,2021,48,2,02-вторник,11:43,#ССЫЛКА,Тема письма 29,Сегмент 1,2 373 922,2 326 444,214 033,25 684,47 478,302 438,Метка 29,23 629,9142,7643,5579
Название рассылки 3,Название кампании 3,Email,Октябрь,29.10.2021,2021,44,5,05-пятница,18:07,#ССЫЛКА,Тема письма 3,Сегмент 2,867 969,854 949,149 018,13 412,13 020,111 143,Метка 3,12 473,4311,3500,2765
Название рассылки 30,Название кампании 30,Email,Декабрь,6.12.2021,2021,49,1,01-понедельник,15:53,#ССЫЛКА,Тема письма 30,Сегмент 3,2 384 393,2 336 705,258 206,21 689,47 688,303 772,Метка 30,19 737,4765,4669,3876
Название рассылки 31,Название кампании 31,Email,Декабрь,6.12.2021,2021,49,1,01-понедельник,15:52,#ССЫЛКА,Тема письма 31,Сегмент 1,1 688 325,1 654 559,152 219,5 937,33 767,215 093,Метка 31,5 165,2941,2559,2098
Название рассылки 32,Название кампании 32,Email,Ноябрь,29.11.2021,2021,48,1,01-понедельник,17:11,#ССЫЛКА,Тема письма 32,Сегмент 2,1 364 105,1 343 643,148 473,10 690,20 462,174 674,Метка 32,7 376,1916,1628,1286
Название рассылки 33,Название кампании 33,Email,Декабрь,13.12.2021,2021,50,1,01-понедельник,14:47,#ССЫЛКА,Тема письма 33,Сегмент 3,2 198 000,2 154 040,387 727,46 527,43 960,280 025,Метка 33,45 131,18824,15737,11803
Название рассылки 34,Название кампании 34,Email,Декабрь,10.12.2021,2021,50,5,05-пятница,14:18,#ССЫЛКА,Тема письма 34,Сегмент 1,560 494,549 284,95 740,8 617,11 210,71 407,Метка 34,7 324,4438,3603,2630
Название рассылки 35,Название кампании 35,Email,Декабрь,10.12.2021,2021,50,5,05-пятница,14:17,#ССЫЛКА,Тема письма 35,Сегмент 2,1 857 931,1 830 062,202 222,16 987,27 869,237 908,Метка 35,15 628,6046,5925,4681
Название рассылки 36,Название кампании 36,Email,Декабрь,16.12.2021,2021,50,4,04-четверг,13:27,#ССЫЛКА,Тема письма 36,Сегмент 3,2 200 788,2 156 772,198 423,7 738,44 016,280 380,Метка 36,7 197,2487,2164,1796
Название рассылки 37,Название кампании 37,Email,Декабрь,16.12.2021,2021,50,4,04-четверг,13:22,#ССЫЛКА,Тема письма 37,Сегмент 1,1 792 197,1 756 353,306 132,22 042,35 844,193 199,Метка 37,20 058,4842,4116,3375
Название рассылки 38,Название кампании 38,Email,Декабрь,20.12.2021,2021,51,1,01-понедельник,14:53,#ССЫЛКА,Тема письма 38,Сегмент 2,1 128 193,1 111 270,122 795,14 735,16 923,122 240,Метка 38,12 820,7300,6205,4902
Название рассылки 39,Название кампании 39,Email,Декабрь,20.12.2021,2021,51,1,01-понедельник,17:03,#ССЫЛКА,Тема письма 39,Сегмент 3,1 990 579,1 950 767,179 471,16 152,39 812,214 584,Метка 39,11 145,2894,2420,1815
Название рассылки 4,Название кампании 4,Email,Октябрь,29.10.2021,2021,44,5,05-пятница,18:50,#ССЫЛКА,Тема письма 4,Сегмент 1,2 172 492,2 129 042,235 259,19 762,43 450,234 195,Метка 4,19 169,7995,6492,4739
Название рассылки 40,Название кампании 40,Email,Декабрь,20.12.2021,2021,51,1,01-понедельник,16:43,#ССЫЛКА,Тема письма 40,Сегмент 2,2 175 402,2 142 771,385 699,15 042,32 631,235 705,Метка 40,12 786,7747,7592,5998
Название рассылки 41,Название кампании 41,Email,Декабрь,20.12.2021,2021,51,1,01-понедельник,17:32,#ССЫЛКА,Тема письма 41,Сегмент 3,1 091 818,1 069 982,118 233,8 513,21 836,117 698,Метка 41,7 832,3030,2636,2188
Название рассылки 42,Название кампании 42,Email,Декабрь,20.12.2021,2021,51,1,01-понедельник,16:39,#ССЫЛКА,Тема письма 42,Сегмент 1,2 150 823,2 107 807,379 405,45 529,43 016,231 859,Метка 42,42 342,14633,12438,10199
Название рассылки 43,Название кампании 43,Email,Декабрь,21.12.2021,2021,51,2,02-вторник,14:02,#ССЫЛКА,Тема письма 43,Сегмент 2,2 268 535,2 234 507,389 475,35 053,34 028,245 796,Метка 43,31 898,7700,6437,5085
Название рассылки 44,Название кампании 44,Email,Декабрь,28.12.2021,2021,52,2,02-вторник,14:19,#ССЫЛКА,Тема письма 44,Сегмент 3,1 442 683,1 413 829,156 228,13 123,28 854,155 521,Метка 44,11 417,6501,5279,3959
Название рассылки 45,Название кампании 45,Email,Январь,05.01.2022,2022,1,3,03-среда,11:03,#ССЫЛКА,Тема письма 45,Сегмент 1,919 076,900 694,82 864,3 232,18 382,99 076,Метка 45,2 230,579,568,414
Название рассылки 46,Название кампании 46,Email,Январь,05.01.2022,2022,1,3,03-среда,11:03,#ССЫЛКА,Тема письма 46,Сегмент 2,773 615,762 011,132 818,9 563,11 604,83 821,Метка 46,9 276,3869,3366,2659
Название рассылки 47,Название кампании 47,Email,Январь,10.01.2022,2022,2,1,01-понедельник,14:54,#ССЫЛКА,Тема письма 47,Сегмент 1,1 588 300,1 556 534,171 997,20 640,31 766,171 219,Метка 47,17 544,10630,9035,7499
Название рассылки 48,Название кампании 48,Email,Январь,10.01.2022,2022,2,1,01-понедельник,14:57,#ССЫЛКА,Тема письма 48,Сегмент 2,1 759 690,1 724 496,158 654,14 279,35 194,189 695,Метка 48,13 137,5083,4320,3543
Название рассылки 49,Название кампании 49,Email,Январь,14.01.2022,2022,3,5,05-пятница,12:18,#ССЫЛКА,Тема письма 49,Сегмент 3,1 925 119,1 896 242,209 535,17 601,28 877,208 587,Метка 49,16 369,5657,4729,3736
Название рассылки 5,Название кампании 5,Email,Ноябрь,03.11.2021,2021,44,3,03-среда,14:43,#ССЫЛКА,Тема письма 5,Сегмент 1,1 426 654,1 398 121,251 662,9 815,28 533,153 793,Метка 5,8 931,2156,1751,1313
Название рассылки 50,Название кампании 50,Email,Январь,14.01.2022,2022,3,5,05-пятница,12:18,#ССЫЛКА,Тема письма 50,Сегмент 2,2 113 773,2 071 498,361 062,25 996,42 275,227 865,Метка 50,22 617,12878,12621,9213
Название рассылки 51,Название кампании 51,Email,Январь,14.01.2022,2022,3,5,05-пятница,12:18,#ССЫЛКА,Тема письма 51,Сегмент 3,963 320,948 870,104 850,12 582,14 450,104 376,Метка 51,8 682,2255,1962,1550
Название рассылки 52,Название кампании 52,Email,Январь,14.01.2022,2022,3,5,05-пятница,12:18,#ССЫЛКА,Тема письма 52,Сегмент 1,1 085 551,1 063 840,97 873,8 809,21 711,117 022,Метка 52,8 544,3564,3029,2514
Название рассылки 53,Название кампании 53,Email,Январь,13.01.2022,2022,2,4,04-четверг,15:32,#ССЫЛКА,Тема письма 53,Сегмент 2,2 288 886,2 243 108,390 974,32 842,45 778,246 742,Метка 53,27 916,16914,14140,11595
Название рассылки 54,Название кампании 54,Email,Январь,13.01.2022,2022,2,4,04-четверг,15:32,#ССЫЛКА,Тема письма 54,Сегмент 3,1 082 722,1 066 481,117 846,4 596,16 241,117 313,Метка 54,4 228,1636,1328,1049
Название рассылки 55,Название кампании 55,Email,Январь,13.01.2022,2022,2,4,04-четверг,15:32,#ССЫЛКА,Тема письма 55,Сегмент 1,1 217 975,1 193 616,109 813,7 907,24 360,131 298,Метка 55,7 353,2541,2490,1868
Название рассылки 56,Название кампании 56,Email,Январь,13.01.2022,2022,2,4,04-четверг,15:32,#ССЫЛКА,Тема письма 56,Сегмент 2,2 434 236,2 385 551,263 603,31 632,48 685,262 411,Метка 56,28 785,6949,6045,4413
Название рассылки 57,Название кампании 57,Email,Январь,17.01.2022,2022,3,1,01-понедельник,15:32,#ССЫЛКА,Тема письма 57,Сегмент 3,1 722 650,1 696 810,305 426,27 488,25 840,15 271,Метка 57,23 915,13617,11575,9144
Название рассылки 58,Название кампании 58,Email,Январь,21.01.2022,2022,4,5,05-пятница,12:52,#ССЫЛКА,Тема письма 58,Сегмент 1,1 532 716,1 502 062,165 978,13 942,30 654,13 519,Метка 58,9 620,2498,2124,1763
Название рассылки 59,Название кампании 59,Email,Январь,25.01.2022,2022,4,2,02-вторник,15:32,#ССЫЛКА,Тема письма 59,Сегмент 2,2 054 933,2 013 834,362 490,14 137,41 099,18 125,Метка 59,13 713,5720,4782,3921
Название рассылки 6,Название кампании 6,Email,Ноябрь,03.11.2021,2021,44,3,03-среда,14:44,#ССЫЛКА,Тема письма 6,Сегмент 3,1 098 904,1 082 420,188 666,13 584,16 484,9 742,Метка 6,11 546,6996,5681,4488
Название рассылки 60,Название кампании 60,Email,Январь,25.01.2022,2022,4,2,02-вторник,15:32,#ССЫЛКА,Тема письма 60,Сегмент 1,756 282,741 156,81 898,9 828,15 126,6 670,Метка 60,9 042,3498,3428,2571
Название рассылки 61,Название кампании 61,Email,Январь,27.01.2022,2022,4,4,04-четверг,12:52,#ССЫЛКА,Тема письма 61,Сегмент 2,664 194,650 910,59 884,5 390,13 284,5 858,Метка 61,5 012,1732,1507,1100
Название рассылки 62,Название кампании 62,Email,Январь,27.01.2022,2022,4,4,04-четверг,12:52,#ССЫЛКА,Тема письма 62,Сегмент 3,1 778 134,1 751 462,305 280,25 644,26 672,15 763,Метка 62,23 336,5633,4788,3783
Название рассылки 63,Название кампании 63,Email,Январь,27.01.2022,2022,4,4,04-четверг,12:52,#ССЫЛКА,Тема письма 63,Сегмент 1,1 689 302,1 655 516,182 935,7 134,33 786,14 900,Метка 63,6 207,3534,2955,2452
Название рассылки 64,Название кампании 64,Email,Январь,27.01.2022,2022,4,4,04-четверг,12:52,#ССЫЛКА,Тема письма 64,Сегмент 2,2 314 892,2 268 594,208 711,15 027,46 298,20 417,Метка 64,10 369,2693,2187,1793
Название рассылки 65,Название кампании 65,Email,Февраль,01.02.2022,2022,5,2,02-вторник,14:45,#ССЫЛКА,Тема письма 65,Сегмент 1,928 141,914 219,101 021,12 123,13 922,8 228,Метка 65,11 759,4905,4807,3797
Название рассылки 66,Название кампании 66,Email,Февраль,01.02.2022,2022,5,2,02-вторник,14:46,#ССЫЛКА,Тема письма 66,Сегмент 2,762 530,747 279,134 510,12 106,15 251,6 726,Метка 66,10 290,6235,5424,4068
Название рассылки 67,Название кампании 67,Email,Февраль,03.02.2022,2022,5,4,04-четверг,16:08,#ССЫЛКА,Тема письма 67,Сегмент 3,1 416 809,1 388 473,242 011,20 329,28 336,12 496,Метка 67,18 703,7236,6151,4490
Название рассылки 68,Название кампании 68,Email,Февраль,03.02.2022,2022,5,4,04-четверг,16:09,#ССЫЛКА,Тема письма 68,Сегмент 1,1 273 715,1 254 609,138 634,5 407,19 106,11 291,Метка 68,5 028,1738,1477,1167
Название рассылки 69,Название кампании 69,Email,Февраль,08.02.2022,2022,6,2,02-вторник,15:59,#ССЫЛКА,Тема письма 69,Сегмент 2,1 544 032,1 513 151,139 210,10 023,30 881,13 618,Метка 69,9 121,2202,1841,1528
Название рассылки 7,Название кампании 7,Email,Ноябрь,03.11.2021,2021,44,3,03-среда,14:46,#ССЫЛКА,Тема письма 7,Сегмент 3,1 905 139,1 867 036,325 424,39 051,38 103,16 803,Метка 7,33 974,19345,15708,12881
Название рассылки 70,Название кампании 70,Email,Февраль,08.02.2022,2022,6,2,02-вторник,15:59,#ССЫЛКА,Тема письма 70,Сегмент 1,925 705,911 819,100 756,9 068,13 886,8 206,Метка 70,6 257,1625,1592,1258
Название рассылки 71,Название кампании 71,Email,Февраль,10.02.2022,2022,6,4,04-четверг,15:48,#ССЫЛКА,Тема письма 71,Сегмент 2,1 719 605,1 685 213,155 040,13 023,34 392,15 167,Метка 71,12 633,5269,4584,3438
Название рассылки 72,Название кампании 72,Email,Февраль,14.02.2022,2022,7,1,01-понедельник,15:53,#ССЫЛКА,Тема письма 72,Сегмент 3,2 028 149,1 987 586,219 628,8 566,40 563,17 888,Метка 72,7 281,4411,3750,2737
Название рассылки 73,Название кампании 73,Email,Февраль,18.02.2022,2022,8,5,05-пятница,13:36,#ССЫЛКА,Тема письма 73,Сегмент 1,1 026 345,1 010 950,181 971,13 102,15 395,9 099,Метка 73,12 054,4664,3899,3080
Название рассылки 74,Название кампании 74,Email,Февраль,23.02.2022,2022,8,3,03-среда,15:53,#ССЫЛКА,Тема письма 74,Сегмент 2,2 170 743,2 127 328,235 070,28 208,43 415,19 146,Метка 74,26 234,9066,7362,6110
Название рассылки 75,Название кампании 75,Email,Февраль,23.02.2022,2022,8,3,03-среда,15:53,#ССЫЛКА,Тема письма 75,Сегмент 3,1 812 082,1 775 840,319 651,28 769,36 242,15 983,Метка 75,26 179,6320,6193,5079
Название рассылки 76,Название кампании 76,Email,Февраль,23.02.2022,2022,8,3,03-среда,15:53,#ССЫЛКА,Тема письма 76,Сегмент 1,1 188 879,1 171 046,204 113,17 146,17 833,10 539,Метка 76,14 917,8494,7389,5838
Название рассылки 77,Название кампании 77,Email,Февраль,23.02.2022,2022,8,3,03-среда,15:53,#ССЫЛКА,Тема письма 77,Сегмент 2,901 704,883 670,97 646,3 808,18 034,7 953,Метка 77,2 628,682,580,435
Название рассылки 78,Название кампании 78,Email,Февраль,23.02.2022,2022,8,3,03-среда,15:53,#ССЫЛКА,Тема письма 78,Сегмент 3,2 239 201,2 194 417,201 886,14 536,44 784,19 750,Метка 78,14 100,5881,4999,3649
Название рассылки 79,Название кампании 79,Email,Февраль,23.02.2022,2022,8,3,03-среда,15:53,#ССЫЛКА,Тема письма 79,Сегмент 1,890 442,877 085,152 876,18 345,13 357,7 894,Метка 79,15 593,9448,7899,6240
Название рассылки 8,Название кампании 8,Email,Ноябрь,03.11.2021,2021,44,3,03-среда,10:38,#ССЫЛКА,Тема письма 8,Сегмент 2,1 885 534,1 847 823,204 184,18 377,37 711,16 630,Метка 8,16 906,6541,5311,4408
Название рассылки 80,Название кампании 80,Email,Февраль,23.02.2022,2022,8,3,03-среда,15:53,#ССЫЛКА,Тема письма 80,Сегмент 3,2 065 892,2 024 574,186 261,15 646,41 318,18 221,Метка 80,14 551,5029,4928,4041
Название рассылки 81,Название кампании 81,Email,Февраль,23.02.2022,2022,8,3,03-среда,15:53,#ССЫЛКА,Тема письма 81,Сегмент 1,961 099,946 683,104 608,4 080,14 416,8 520,Метка 81,3 713,896,780,616
Название рассылки 82,Название кампании 82,Email,Март,10.03.2022,2022,10,4,04-четверг,14:33,#ССЫЛКА,Тема письма 82,Сегмент 2,2 273 314,2 227 848,401 013,28 873,45 466,20 051,Метка 82,25 119,14303,12158,9118
Название рассылки 83,Название кампании 83,Email,Март,10.03.2022,2022,10,4,04-четверг,14:33,#ССЫЛКА,Тема письма 83,Сегмент 1,773 590,758 118,132 140,15 857,15 472,6 823,Метка 83,10 941,2841,2375,1734
Название рассылки 84,Название кампании 84,Email,Март,15.03.2022,2022,11,2,02-вторник,13:42,#ССЫЛКА,Тема письма 84,Сегмент 2,1 003 090,988 044,109 179,9 826,15 046,8 892,Метка 84,9 531,3976,3228,2550
Название рассылки 85,Название кампании 85,Email,Март,18.03.2022,2022,12,5,05-пятница,14:27,#ССЫЛКА,Тема письма 85,Сегмент 3,2 410 055,2 361 854,217 291,18 252,48 201,21 257,Метка 85,15 515,9400,9212,7646
Название рассылки 86,Название кампании 86,Email,Март,18.03.2022,2022,12,5,05-пятница,14:27,#ССЫЛКА,Тема письма 86,Сегмент 1,2 377 276,2 329 730,406 072,15 837,47 546,20 968,Метка 86,14 570,5637,4904,4021
Название рассылки 87,Название кампании 87,Email,Март,18.03.2022,2022,12,5,05-пятница,14:27,#ССЫЛКА,Тема письма 87,Сегмент 2,2 109 213,2 077 575,229 572,16 529,31 638,18 698,Метка 87,15 372,5313,4516,3567
Название рассылки 88,Название кампании 88,Email,Март,18.03.2022,2022,12,5,05-пятница,14:27,#ССЫЛКА,Тема письма 88,Сегмент 3,978 161,958 598,88 191,10 583,19 563,8 627,Метка 88,9 630,2325,1976,1482
Название рассылки 89,Название кампании 89,Email,Март,18.03.2022,2022,12,5,05-пятница,14:27,#ССЫЛКА,Тема письма 89,Сегмент 1,857 219,840 075,92 828,8 355,17 144,7 561,Метка 89,7 268,4139,3460,2526
Название рассылки 9,Название кампании 9,Email,Ноябрь,05.11.2021,2021,45,5,05-пятница,12:02,#ССЫЛКА,Тема письма 9,Сегмент 2,635 111,625 584,112 605,9 459,9 527,5 630,Метка 9,6 527,1695,1376,1087
Название рассылки 90,Название кампании 90,Email,Март,18.03.2022,2022,12,5,05-пятница,14:27,#ССЫЛКА,Тема письма 90,Сегмент 3,585 396,573 688,63 393,2 472,11 708,5 163,Метка 90,2 398,1000,980,814
Название рассылки 91,Название кампании 91,Email,Март,18.03.2022,2022,12,5,05-пятница,14:27,#ССЫЛКА,Тема письма 91,Сегмент 1,1 867 794,1 830 438,329 479,23 722,37 356,16 474,Метка 91,20 164,12217,10629,8716
Название рассылки 92,Название кампании 92,Email,Март,24.03.2022,2022,12,4,04-четверг,15:59,#ССЫЛКА,Тема письма 92,Сегмент 2,1 509 215,1 486 577,259 110,31 093,22 638,13 379,Метка 92,28 606,11068,9407,7432
Название рассылки 93,Название кампании 93,Email,Март,24.03.2022,2022,12,4,04-четверг,16:03,#ССЫЛКА,Тема письма 93,Сегмент 3,911 950,893 711,98 755,8 888,18 239,8 043,Метка 93,8 266,2857,2388,1791
Название рассылки 94,Название кампании 94,Email,Март,24.03.2022,2022,12,4,04-четверг,16:02,#ССЫЛКА,Тема письма 94,Сегмент 1,1 803 085,1 767 023,162 566,13 656,36 062,15 903,Метка 94,12 427,3000,2436,1778
Название рассылки 95,Название кампании 95,Email,Март,24.03.2022,2022,12,4,04-четверг,16:01,#ССЫЛКА,Тема письма 95,Сегмент 2,2 458 586,2 421 707,422 104,16 462,36 879,21 795,Метка 95,14 322,8155,7992,6314
Название рассылки 96,Название кампании 96,Email,Март,24.03.2022,2022,12,4,04-четверг,16:01,#ССЫЛКА,Тема письма 96,Сегмент 3,1 099 253,1 077 268,119 038,8 571,21 985,9 695,Метка 96,5 914,1536,1336,1109
Название рассылки 97,Название кампании 97,Email,Март,24.03.2022,2022,12,4,04-четверг,15:04,#ССЫЛКА,Тема письма 97,Сегмент 1,2 054 044,2 012 963,185 193,22 223,41 081,18 117,Метка 97,21 556,8991,7643,6267
Название рассылки 98,Название кампании 98,Email,Март,28.03.2022,2022,13,1,01-понедельник,16:01,#ССЫЛКА,Тема письма 98,Сегмент 2,1 007 370,992 259,109 645,9 868,15 111,8 930,Метка 98,8 388,5082,3812,3011
Название рассылки 99,Название кампании 99,Email,Март,28.03.2022,2022,13,1,01-понедельник,16:02,#ССЫЛКА,Тема письма 99,Сегмент 3,2 475 420,2 425 912,436 664,36 680,49 508,21 833,Метка 99,33 745,13056,10314,7736